,브랜드,상품명,가격,별점개수,좋아요개수,시즌,성별,별점,이미지
0,드로우핏,오버사이즈 울 트렌치 코트 [BEIGE],156700,7355.0,15866.0,2023 S/S,남,4.8,https://image.msscdn.net/images/goods_img/20180205/709189/709189_16768614323996_60.jpg
1,드로우핏,오버사이즈 울 트렌치 코트 [BLACK],156700,4170.0,11668.0,2023 S/S,남,4.8,https://image.msscdn.net/images/goods_img/20180205/709188/709188_16768612544111_60.jpg
2,드로우핏,울 트렌치 싱글 발마칸 코트 [GREYISH BEIGE],167200,117.0,1568.0,2023 S/S,남,4.9,https://image.msscdn.net/images/goods_img/20230118/3030654/3030654_16740931272826_60.jpg
3,굿라이프웍스,오버사이즈 트렌치코트 블랙,119800,344.0,3810.0,2021 F/W,남,4.8,"https://image.msscdn.net/images/goods_img/20210826/2092842/2092842_4_60.jpg, https://image.msscdn.net/images/prd_img/20210826/2092842/detail_2092842_6_60.jpg, https://image.msscdn.net/images/prd_img/20210826/2092842/detail_2092842_7_60.jpg"
4,플레어업,오버사이즈 트렌치코트 (FL-012),156700,2573.0,8048.0,2023 ALL,남여,4.8,"https://image.msscdn.net/images/goods_img/20171130/680961/680961_22_60.jpg, https://image.msscdn.net/images/prd_img/20171130/680961/detail_680961_37_60.jpg, https://image.msscdn.net/images/prd_img/20171130/680961/detail_680961_38_60.jpg, https://image.msscdn.net/images/prd_img/20171130/680961/detail_680961_36_60.jpg, https://image.msscdn.net/images/prd_img/20171130/680961/detail_680961_32_60.jpg, https://image.msscdn.net/images/prd_img/20171130/680961/detail_680961_33_60.jpg, https://image.msscdn.net/images/prd_img/20171130/680961/detail_680961_34_60.jpg, https://image.msscdn.net/images/prd_img/20171130/680961/detail_680961_27_60.jpg, https://image.msscdn.net/images/prd_img/20171130/680961/detail_680961_30_60.jpg, https://image.msscdn.net/images/prd_img/20171130/680961/detail_680961_28_60.jpg, https://image.msscdn.net/images/prd_img/20171130/680961/detail_680961_29_60.jpg, https://image.msscdn.net/images/prd_img/20171130/680961/detail_680961_35_60.jpg, https://image.msscdn.net/images/prd_img/20171130/680961/detail_680961_15_60.jpg, https://image.msscdn.net/images/prd_img/20171130/680961/detail_680961_17_60.jpg, https://image.msscdn.net/images/prd_img/20171130/680961/detail_680961_19_60.jpg, https://image.msscdn.net/images/prd_img/20171130/680961/detail_680961_20_60.jpg, https://image.msscdn.net/images/prd_img/20171130/680961/detail_680961_26_60.jpg"
5,인사일런스,오버사이즈 트렌치 코트 BLACK,179000,1253.0,5621.0,2023 S/S,남,4.8,"https://image.msscdn.net/images/goods_img/20200113/1269066/1269066_16758158135243_60.jpg, https://image.msscdn.net/images/prd_img/20200113/1269066/detail_1269066_16758158595887_60.jpg, https://image.msscdn.net/images/prd_img/20200113/1269066/detail_1269066_16758158610200_60.jpg, https://image.msscdn.net/images/prd_img/20200113/1269066/detail_1269066_16758158627848_60.jpg, https://image.msscdn.net/images/prd_img/20200113/1269066/detail_1269066_16758158642256_60.jpg, https://image.msscdn.net/skin/musinsa/images/thumb-video.gif?20150918"
6,드로우핏,울 블렌딩 발마칸 오버 코트 [BLACK],167200,544.0,4843.0,2023 S/S,남,4.9,https://image.msscdn.net/images/goods_img/20210125/1760164/1760164_16735775758417_60.jpg
7,드로우핏,울 트렌치 싱글 발마칸 코트 [BLACK],167200,43.0,643.0,2023 S/S,남,4.9,https://image.msscdn.net/images/goods_img/20230118/3030649/3030649_16740930226187_60.jpg
8,드로우핏,오버사이즈 울 트렌치 코트 [GREYISH BEIGE],156700,1021.0,3507.0,2023 S/S,남,4.9,https://image.msscdn.net/images/goods_img/20210122/1758438/1758438_16768613060939_60.jpg
9,닉앤니콜,[21FW] 오버사이즈 더블 트렌치 코트_그레이,99500,613.0,7141.0,2021 F/W,여,4.6,"https://image.msscdn.net/images/goods_img/20210906/2110734/2110734_2_60.jpg, https://image.msscdn.net/images/prd_img/20210906/2110734/detail_2110734_1_60.jpg, https://image.msscdn.net/images/prd_img/20210906/2110734/detail_2110734_2_60.jpg, https://image.msscdn.net/images/prd_img/20210906/2110734/detail_2110734_3_60.jpg, https://image.msscdn.net/images/prd_img/20210906/2110734/detail_2110734_4_60.jpg, https://image.msscdn.net/images/prd_img/20210906/2110734/detail_2110734_5_60.jpg"
10,블랭크03,classic half trench coat (olive ...,298000,,6.0,2023 S/S,여,,https://image.msscdn.net/images/goods_img/20230324/3176866/3176866_16796229794032_60.jpg
11,파렌하이트,[득템의 장] 그레이 스탠애리 트렌치 (FCNAA7803)...,59900,,4.0,,,,"https://image.msscdn.net/images/goods_img/20230320/3160364/3160364_16792730955075_60.jpg, https://image.msscdn.net/images/prd_img/20230320/3160364/detail_3160364_16792731010832_60.jpg, https://image.msscdn.net/images/prd_img/20230320/3160364/detail_3160364_16792731036458_60.jpg, https://image.msscdn.net/images/prd_img/20230320/3160364/detail_3160364_16792731058113_60.jpg, https://image.msscdn.net/images/prd_img/20230320/3160364/detail_3160364_16792731081343_60.jpg"
12,파렌하이트,[득템의 장] 베이지 스탠애리 트렌치 (FCNAA7804)...,59900,,4.0,,,,"https://image.msscdn.net/images/goods_img/20230320/3160365/3160365_16792731532905_60.jpg, https://image.msscdn.net/images/prd_img/20230320/3160365/detail_3160365_16792731578442_60.jpg, https://image.msscdn.net/images/prd_img/20230320/3160365/detail_3160365_16792731594727_60.jpg, https://image.msscdn.net/images/prd_img/20230320/3160365/detail_3160365_16792731618256_60.jpg, https://image.msscdn.net/images/prd_img/20230320/3160365/detail_3160365_16792731635429_60.jpg"
13,에잇세컨즈,트윌 숏 트렌치 코트  베이지 (35333TIYAA),79900,,20.0,2023 S/S,여,,https://image.msscdn.net/images/goods_img/20230322/3169482/3169482_16794613607396_60.jpg
14,올젠,프리즘 맥코트_ZAD1CG1901,298000,,2.0,2023 S/S,남,,"https://image.msscdn.net/images/goods_img/20230321/3165161/3165161_16793723394694_60.jpg, https://image.msscdn.net/images/prd_img/20230321/3165161/detail_3165161_16793723474866_60.jpg"
15,디플랫,메모리 포켓 롱 트렌치 자켓 D05ABBY002,360000,,1.0,2023 S/S,여,,https://image.msscdn.net/images/goods_img/20230327/3181666/3181666_16799880938519_60.jpg
16,마인드브릿지,[SMART][COUTURE]더블트렌치코트 - 3color...,179000,380.0,1924.0,2023 S/S,남,4.9,"https://image.msscdn.net/images/goods_img/20220110/2299698/2299698_16727348584913_60.jpg, https://image.msscdn.net/images/prd_img/20220110/2299698/detail_2299698_16727350369882_60.jpg, https://image.msscdn.net/images/prd_img/20220110/2299698/detail_2299698_16727350358786_60.jpg, https://image.msscdn.net/images/prd_img/20220110/2299698/detail_2299698_16727350350117_60.jpg, https://image.msscdn.net/images/prd_img/20220110/2299698/detail_2299698_16727350395406_60.jpg, https://image.msscdn.net/images/prd_img/20220110/2299698/detail_2299698_16727350383920_60.jpg, https://image.msscdn.net/images/prd_img/20220110/2299698/detail_2299698_16727350425182_60.jpg, https://image.msscdn.net/images/prd_img/20220110/2299698/detail_2299698_16727350409324_60.jpg, https://image.msscdn.net/images/prd_img/20220110/2299698/detail_2299698_16727350462116_60.jpg, https://image.msscdn.net/images/prd_img/20220110/2299698/detail_2299698_16727350443639_60.jpg, https://image.msscdn.net/skin/musinsa/images/thumb-video.gif?20150918"
17,미나브,울 블렌디드 로브 트렌치 코트 [블랙],131400,681.0,6750.0,,남,4.8,"https://image.msscdn.net/images/goods_img/20200908/1589739/1589739_16729693757864_60.jpg, https://image.msscdn.net/images/prd_img/20200908/1589739/detail_1589739_1_60.jpg, https://image.msscdn.net/images/prd_img/20200908/1589739/detail_1589739_2_60.jpg, https://image.msscdn.net/images/prd_img/20200908/1589739/detail_1589739_3_60.jpg, https://image.msscdn.net/images/prd_img/20200908/1589739/detail_1589739_4_60.jpg, https://image.msscdn.net/images/prd_img/20200908/1589739/detail_1589739_5_60.jpg"
18,드로우핏,오버사이즈 울 트렌치 코트 [CHARCOAL],156700,650.0,3034.0,2023 S/S,남,4.8,https://image.msscdn.net/images/goods_img/20190819/1120476/1120476_16768614053662_60.jpg
19,로얄디사이드,드레스 바바리 베이지,279500,,1.0,2023 S/S,여,,"https://image.msscdn.net/images/goods_img/20230326/3179250/3179250_16797895740469_60.jpg, https://image.msscdn.net/images/prd_img/20230326/3179250/detail_3179250_16797895970454_60.jpg, https://image.msscdn.net/images/prd_img/20230326/3179250/detail_3179250_16797896001511_60.jpg, https://image.msscdn.net/images/prd_img/20230326/3179250/detail_3179250_16797896036029_60.jpg, https://image.msscdn.net/images/prd_img/20230326/3179250/detail_3179250_16797896072593_60.jpg"
20,로얄디사이드,드레스 바바리 네이비,279500,,2.0,2023 S/S,여,,"https://image.msscdn.net/images/goods_img/20230326/3179249/3179249_16797887583109_60.jpg, https://image.msscdn.net/images/prd_img/20230326/3179249/detail_3179249_16797887708033_60.jpg, https://image.msscdn.net/images/prd_img/20230326/3179249/detail_3179249_16797887868798_60.jpg, https://image.msscdn.net/images/prd_img/20230326/3179249/detail_3179249_16797887907327_60.jpg, https://image.msscdn.net/images/prd_img/20230326/3179249/detail_3179249_16797887939998_60.jpg"
21,인사일런스,백 디테일 울 트렌치 코트 BLACK,224000,49.0,816.0,2023 S/S,남,4.9,"https://image.msscdn.net/images/goods_img/20230201/3053935/3053935_16758145401452_60.jpg, https://image.msscdn.net/images/prd_img/20230201/3053935/detail_3053935_16758145615333_60.jpg, https://image.msscdn.net/images/prd_img/20230201/3053935/detail_3053935_16758145628451_60.jpg, https://image.msscdn.net/images/prd_img/20230201/3053935/detail_3053935_16758145641110_60.jpg, https://image.msscdn.net/images/prd_img/20230201/3053935/detail_3053935_16758145654257_60.jpg"
22,로엠,롱 트렌치 코트 (1color)_ RMJTD23R13,159000,,7.0,2022 F/W,여,,https://image.msscdn.net/images/goods_img/20230321/3166921/3166921_16793882128341_60.jpg
23,판도라핏,Lullaby Trench Coat,159000,,26.0,2023 S/S,여,,"https://image.msscdn.net/images/goods_img/20230316/3153235/3153235_16789409356586_60.jpg, https://image.msscdn.net/images/prd_img/20230316/3153235/detail_3153235_16789409619912_60.jpg, https://image.msscdn.net/images/prd_img/20230316/3153235/detail_3153235_16789409633100_60.jpg, https://image.msscdn.net/images/prd_img/20230316/3153235/detail_3153235_16789409663258_60.jpg"
24,타미힐피거,더블 코튼 피코트 (T22D1WCT050WT1RBS),415000,,3.0,2023 S/S,여,,"https://image.msscdn.net/images/goods_img/20230314/3145132/3145132_16787576029870_60.jpg, https://image.msscdn.net/images/prd_img/20230314/3145132/detail_3145132_16787576092995_60.jpg"
25,드로우핏,오버사이즈 울 트렌치 코트 [GREIGE],156700,387.0,2018.0,2023 S/S,남,4.9,https://image.msscdn.net/images/goods_img/20210727/2041548/2041548_16768612745518_60.jpg
26,모디파이드,M1509 오버핏 베이지 맥코트,142200,1354.0,8259.0,2022 F/W,남,4.7,"https://image.msscdn.net/images/goods_img/20180212/715124/715124_3_60.jpg, https://image.msscdn.net/images/prd_img/20180212/715124/detail_715124_1_60.jpg, https://image.msscdn.net/images/prd_img/20180212/715124/detail_715124_2_60.jpg, https://image.msscdn.net/images/prd_img/20180212/715124/detail_715124_3_60.jpg, https://image.msscdn.net/images/prd_img/20180212/715124/detail_715124_4_60.jpg, https://image.msscdn.net/images/prd_img/20180212/715124/detail_715124_5_60.jpg, https://image.msscdn.net/skin/musinsa/images/thumb-video.gif?20150918"
27,비지트인뉴욕,폴리 벨티드 더블 트렌치코트(VZ3BB12),219000,,20.0,2023 S/S,여,,"https://image.msscdn.net/images/goods_img/20230315/3150216/3150216_16795318633698_60.jpg, https://image.msscdn.net/images/prd_img/20230315/3150216/detail_3150216_16795318687310_60.jpg, https://image.msscdn.net/images/prd_img/20230315/3150216/detail_3150216_16795318709821_60.jpg, https://image.msscdn.net/images/prd_img/20230315/3150216/detail_3150216_16795318728576_60.jpg"
28,모이아,thin trench coat (black),349000,,3.0,2023 S/S,여,,https://image.msscdn.net/images/goods_img/20230313/3142138/3142138_16786961301105_60.jpg
29,플라즈,텐셀 혼방 오버핏 변형 맥코트_M232CCT003M,499000,,,2023 S/S,남,,"https://image.msscdn.net/images/goods_img/20230322/3170359/3170359_16794685894060_60.jpg, https://image.msscdn.net/images/prd_img/20230322/3170359/detail_3170359_16794685945823_60.jpg, https://image.msscdn.net/images/prd_img/20230322/3170359/detail_3170359_16794685963731_60.jpg, https://image.msscdn.net/images/prd_img/20230322/3170359/detail_3170359_16794685984551_60.jpg, https://image.msscdn.net/images/prd_img/20230322/3170359/detail_3170359_16794686017430_60.jpg"
30,숲,더블 브레스티드 하프 트렌치코트(SZ4BB90),198000,,17.0,2023 S/S,여,,"https://image.msscdn.net/images/goods_img/20230314/3147426/3147426_16787821109192_60.jpg, https://image.msscdn.net/images/prd_img/20230314/3147426/detail_3147426_16787821156198_60.jpg, https://image.msscdn.net/images/prd_img/20230314/3147426/detail_3147426_16787821173354_60.jpg, https://image.msscdn.net/images/prd_img/20230314/3147426/detail_3147426_16787821196441_60.jpg, https://image.msscdn.net/images/prd_img/20230314/3147426/detail_3147426_16787821216271_60.jpg, https://image.msscdn.net/images/prd_img/20230314/3147426/detail_3147426_16787821231819_60.jpg, https://image.msscdn.net/skin/musinsa/images/thumb-video.gif?20150918"
31,인사일런스,오버사이즈 트렌치 코트 CREAM,179000,827.0,2574.0,2023 S/S,남,4.9,"https://image.msscdn.net/images/goods_img/20200113/1269068/1269068_16758159118073_60.jpg, https://image.msscdn.net/images/prd_img/20200113/1269068/detail_1269068_16758159491429_60.jpg, https://image.msscdn.net/images/prd_img/20200113/1269068/detail_1269068_16758159507015_60.jpg, https://image.msscdn.net/images/prd_img/20200113/1269068/detail_1269068_16758159523955_60.jpg, https://image.msscdn.net/images/prd_img/20200113/1269068/detail_1269068_16758159538820_60.jpg, https://image.msscdn.net/skin/musinsa/images/thumb-video.gif?20150918"
32,르니앤맥코이,메디슨 더블 버튼 7부 소매 트렌치 숏 코트 MK05BY2...,199900,,7.0,2023 S/S,여,,"https://image.msscdn.net/images/goods_img/20230314/3147874/3147874_16787860987513_60.jpg, https://image.msscdn.net/images/prd_img/20230314/3147874/detail_3147874_16787861021169_60.jpg, https://image.msscdn.net/images/prd_img/20230314/3147874/detail_3147874_16787861029483_60.jpg, https://image.msscdn.net/images/prd_img/20230314/3147874/detail_3147874_16787861037052_60.jpg, https://image.msscdn.net/images/prd_img/20230314/3147874/detail_3147874_16787861041954_60.jpg, https://image.msscdn.net/images/prd_img/20230314/3147874/detail_3147874_16787861047567_60.jpg"
33,세인트제임스,Bonard (032) ASJF231KR53-032,368000,,1.0,2023 S/S,여,,"https://image.msscdn.net/images/goods_img/20230328/3184731/3184731_16799720931118_60.jpg, https://image.msscdn.net/images/prd_img/20230328/3184731/detail_3184731_16799721149714_60.jpg, https://image.msscdn.net/images/prd_img/20230328/3184731/detail_3184731_16799721154533_60.jpg, https://image.msscdn.net/images/prd_img/20230328/3184731/detail_3184731_16799721166666_60.jpg, https://image.msscdn.net/images/prd_img/20230328/3184731/detail_3184731_16799721173539_60.jpg, https://image.msscdn.net/images/prd_img/20230328/3184731/detail_3184731_16799721181190_60.jpg"
34,타미힐피거,더블 코튼 피코트 (T22D1WCT050WT1DW5),415000,,1.0,2023 S/S,여,,"https://image.msscdn.net/images/goods_img/20230314/3145123/3145123_16787575285161_60.jpg, https://image.msscdn.net/images/prd_img/20230314/3145123/detail_3145123_16787575338589_60.jpg"
35,에스티코,[RENEW WORK] 베이직핏 3WAY 구스내피 코트 (...,199000,,,2023 S/S,남,,https://image.msscdn.net/images/goods_img/20230328/3184552/3184552_16799701753750_60.jpg
36,닉앤니콜,오버사이즈 더블 트렌치 코트_블랙,99500,412.0,6182.0,2021 F/W,여,4.7,"https://image.msscdn.net/images/goods_img/20210906/2110658/2110658_1_60.jpg, https://image.msscdn.net/images/prd_img/20210906/2110658/detail_2110658_1_60.jpg, https://image.msscdn.net/images/prd_img/20210906/2110658/detail_2110658_2_60.jpg, https://image.msscdn.net/images/prd_img/20210906/2110658/detail_2110658_3_60.jpg, https://image.msscdn.net/images/prd_img/20210906/2110658/detail_2110658_4_60.jpg, https://image.msscdn.net/images/prd_img/20210906/2110658/detail_2110658_5_60.jpg"
37,에스티코,[RENEW WORK] 베이직핏 3WAY 구스내피 코트 (...,199000,,,2023 S/S,남,,https://image.msscdn.net/images/goods_img/20230328/3184555/3184555_16799701842041_60.jpg
38,루에브르,High Band Collar Trench Coat SW1...,299000,,48.0,2022 S/S,여,,https://image.msscdn.net/images/goods_img/20230313/3144238/3144238_16786955597798_60.jpg
39,마인드브릿지,[SMART][COUTURE]더블트렌치코트 라이트베이지 M...,129000,5.0,127.0,2023 S/S,남,5,"https://image.msscdn.net/images/goods_img/20230316/3152655/3152655_16789399394204_60.jpg, https://image.msscdn.net/images/prd_img/20230316/3152655/detail_3152655_16789399574678_60.jpg, https://image.msscdn.net/images/prd_img/20230316/3152655/detail_3152655_16789399551674_60.jpg, https://image.msscdn.net/images/prd_img/20230316/3152655/detail_3152655_16789399529810_60.jpg, https://image.msscdn.net/images/prd_img/20230316/3152655/detail_3152655_16789399462501_60.jpg, https://image.msscdn.net/images/prd_img/20230316/3152655/detail_3152655_16789399476108_60.jpg, https://image.msscdn.net/images/prd_img/20230316/3152655/detail_3152655_16789399492356_60.jpg"
40,플라즈,C/N/P 발마칸 코트_M232CCT004M,459000,,,2023 S/S,남,,"https://image.msscdn.net/images/goods_img/20230322/3170374/3170374_16794686558470_60.jpg, https://image.msscdn.net/images/prd_img/20230322/3170374/detail_3170374_16794686602549_60.jpg, https://image.msscdn.net/images/prd_img/20230322/3170374/detail_3170374_16794686621929_60.jpg, https://image.msscdn.net/images/prd_img/20230322/3170374/detail_3170374_16794686637230_60.jpg, https://image.msscdn.net/images/prd_img/20230322/3170374/detail_3170374_16794686652733_60.jpg"
41,쟈니웨스트,Ponte Single Coat LD (Black),103000,1090.0,3199.0,,남,4.8,"https://image.msscdn.net/images/goods_img/20140902/118769/118769_16738569971187_60.jpg, https://image.msscdn.net/images/prd_img/20140902/118769/detail_118769_7_60.jpg, https://image.msscdn.net/images/prd_img/20140902/118769/detail_118769_3_60.jpg, https://image.msscdn.net/images/prd_img/20140902/118769/detail_118769_4_60.jpg, https://image.msscdn.net/images/prd_img/20140902/118769/detail_118769_5_60.jpg, https://image.msscdn.net/images/prd_img/20140902/118769/detail_118769_6_60.jpg"
42,드로우핏,오버사이즈 울 트렌치 코트 [DUSTY CREAM],156700,645.0,2171.0,2023 S/S,남,4.8,https://image.msscdn.net/images/goods_img/20200203/1288200/1288200_16768613730877_60.jpg
43,마뗑킴,TAILORED COATING COAT IN GREY,288000,,5.0,,여,,https://image.msscdn.net/images/goods_img/20230327/3183319/3183319_16799096937653_60.jpg
44,마뗑킴,TAILORED COATING COAT IN BLACK,288000,,11.0,,여,,https://image.msscdn.net/images/goods_img/20230327/3183320/3183320_16799097037469_60.jpg
45,루에브르,Half-double Trench Coat SW2SR241...,339000,,49.0,2022 S/S,여,,https://image.msscdn.net/images/goods_img/20230313/3144237/3144237_16786955511069_60.jpg
46,드로우핏,울 블렌딩 발마칸 오버 코트 [DARK BROWN],167200,260.0,2265.0,2023 S/S,남,4.9,https://image.msscdn.net/images/goods_img/20210125/1760165/1760165_16735775977324_60.jpg
47,프라우드 마리,PM_Side split trench coat,259000,,18.0,2023 S/S,여,,"https://image.msscdn.net/images/goods_img/20230310/3140501/3140501_16784303184849_60.jpg, https://image.msscdn.net/images/prd_img/20230310/3140501/detail_3140501_16784303229613_60.jpg, https://image.msscdn.net/images/prd_img/20230310/3140501/detail_3140501_16784303243214_60.jpg"
48,컨템포러리 어카운츠,WOOL-BLEND DOUBLE BREASTED COAT ...,318000,,3.0,2023 S/S,여,,"https://image.msscdn.net/images/goods_img/20230322/3168273/3168273_16794502867967_60.jpg, https://image.msscdn.net/images/prd_img/20230322/3168273/detail_3168273_16794502902122_60.jpg, https://image.msscdn.net/images/prd_img/20230322/3168273/detail_3168273_16794502988952_60.jpg, https://image.msscdn.net/images/prd_img/20230322/3168273/detail_3168273_16794503025795_60.jpg, https://image.msscdn.net/images/prd_img/20230322/3168273/detail_3168273_16794503064266_60.jpg, https://image.msscdn.net/images/prd_img/20230322/3168273/detail_3168273_16794503126020_60.jpg, https://image.msscdn.net/images/prd_img/20230322/3168273/detail_3168273_16794503157836_60.jpg, https://image.msscdn.net/images/prd_img/20230322/3168273/detail_3168273_16794503190711_60.jpg"
49,도그매틱,WOUND-트렌치코트_블랙,192000,,1.0,2023 S/S,남,,"https://image.msscdn.net/images/goods_img/20230323/3172853/3172853_16795511949138_60.png, https://image.msscdn.net/images/prd_img/20230323/3172853/detail_3172853_16795512122314_60.png, https://image.msscdn.net/images/prd_img/20230323/3172853/detail_3172853_16795512137489_60.png"
50,에스티코,디엠즈 메모리 퀼팅 스탠애리 맥코트 (블루),159000,,,,남,,https://image.msscdn.net/images/goods_img/20230321/3165758/3165758_16793781660316_60.jpg
51,플라스틱 아일랜드,싱글 숏 트렌치형 JK (PP2WJ363),159000,,3.0,2023 S/S,여,,"https://image.msscdn.net/images/goods_img/20230309/3138011/3138011_16783531879007_60.jpg, https://image.msscdn.net/images/prd_img/20230309/3138011/detail_3138011_16783531919164_60.jpg"
52,아쿠드,Light Trench Coat _Beige,230640,,3.0,2023 S/S,여,,https://image.msscdn.net/images/goods_img/20230309/3136223/3136223_16783403147608_60.jpg
53,아쿠드,Light Trench Coat _Khaki,230640,,3.0,2023 S/S,여,,https://image.msscdn.net/images/goods_img/20230309/3136220/3136220_16783402938720_60.jpg
54,아쿠드,Light Trench Coat _Black,230640,,2.0,2023 S/S,여,,https://image.msscdn.net/images/goods_img/20230309/3136218/3136218_16783402723376_60.jpg
55,웨어리즈,싱글 트렌치 코트_차콜,289000,,1.0,2023 S/S,여,,"https://image.msscdn.net/images/goods_img/20230322/3169105/3169105_16794584051099_60.jpg, https://image.msscdn.net/images/prd_img/20230322/3169105/detail_3169105_16794583587047_60.jpg, https://image.msscdn.net/images/prd_img/20230322/3169105/detail_3169105_16794583607646_60.jpg"
56,마스콥,여성 케나 트렌치 코트 - 카라멜 / W23106JCARA...,394000,,1.0,,,,"https://image.msscdn.net/images/goods_img/20230126/3039970/3039970_16788673172180_60.jpg, https://image.msscdn.net/images/prd_img/20230126/3039970/detail_3039970_16788673224765_60.jpg, https://image.msscdn.net/images/prd_img/20230126/3039970/detail_3039970_16788673250999_60.jpg, https://image.msscdn.net/images/prd_img/20230126/3039970/detail_3039970_16788673271331_60.jpg, https://image.msscdn.net/images/prd_img/20230126/3039970/detail_3039970_16788673287910_60.jpg, https://image.msscdn.net/images/prd_img/20230126/3039970/detail_3039970_16788673313281_60.jpg, https://image.msscdn.net/images/prd_img/20230126/3039970/detail_3039970_16788673359144_60.jpg"
57,웨어리즈,싱글 트렌치 코트_베이지,289000,,3.0,2023 S/S,여,,"https://image.msscdn.net/images/goods_img/20230322/3169136/3169136_16794588680212_60.jpg, https://image.msscdn.net/images/prd_img/20230322/3169136/detail_3169136_16794588704033_60.jpg, https://image.msscdn.net/images/prd_img/20230322/3169136/detail_3169136_16794588740724_60.jpg, https://image.msscdn.net/images/prd_img/20230322/3169136/detail_3169136_16794588777799_60.jpg"
58,마스콥,여성 케나 트렌치 코트 - 그리너리 / W23106JGRE...,394000,,4.0,,,,"https://image.msscdn.net/images/goods_img/20230126/3039969/3039969_16788672509813_60.jpg, https://image.msscdn.net/images/prd_img/20230126/3039969/detail_3039969_16788672544901_60.jpg, https://image.msscdn.net/images/prd_img/20230126/3039969/detail_3039969_16788672557634_60.jpg, https://image.msscdn.net/images/prd_img/20230126/3039969/detail_3039969_16788672574935_60.jpg, https://image.msscdn.net/images/prd_img/20230126/3039969/detail_3039969_16788672599475_60.jpg, https://image.msscdn.net/images/prd_img/20230126/3039969/detail_3039969_16788672625704_60.jpg, https://image.msscdn.net/images/prd_img/20230126/3039969/detail_3039969_16788672656077_60.jpg"
59,에스티코,디엠즈 코듀로이카라 맥코트 (블랙),139000,,,2021 F/W,남,,https://image.msscdn.net/images/goods_img/20230321/3165509/3165509_16793765529124_60.jpg
60,마스콥,여성 밀퍼드 트렌치 코트 - 카멜 / W23105OCAME...,390000,,8.0,,,,"https://image.msscdn.net/images/goods_img/20230126/3039971/3039971_16788673921844_60.jpg, https://image.msscdn.net/images/prd_img/20230126/3039971/detail_3039971_16788673962874_60.jpg, https://image.msscdn.net/images/prd_img/20230126/3039971/detail_3039971_16788674022465_60.jpg, https://image.msscdn.net/images/prd_img/20230126/3039971/detail_3039971_16788674085335_60.jpg, https://image.msscdn.net/images/prd_img/20230126/3039971/detail_3039971_16788674165324_60.jpg, https://image.msscdn.net/images/prd_img/20230126/3039971/detail_3039971_16788674291119_60.jpg, https://image.msscdn.net/images/prd_img/20230126/3039971/detail_3039971_16788674424415_60.jpg, https://image.msscdn.net/images/prd_img/20230126/3039971/detail_3039971_16788674491144_60.jpg, https://image.msscdn.net/images/prd_img/20230126/3039971/detail_3039971_16788674558794_60.jpg"
61,굿라이프웍스,오버사이즈 발마칸 TR 코트 블랙,99800,54.0,1190.0,2022 S/S,남여,4.8,https://image.msscdn.net/images/goods_img/20220127/2335625/2335625_2_60.jpg
62,리버스 지오지아,데일리 루즈핏 오버코트_ABD1CG1101BE,359000,,,2023 S/S,남,,"https://image.msscdn.net/images/goods_img/20230323/3174996/3174996_16795553768772_60.jpg, https://image.msscdn.net/images/prd_img/20230323/3174996/detail_3174996_16795553917299_60.jpg, https://image.msscdn.net/images/prd_img/20230323/3174996/detail_3174996_16795553921040_60.jpg, https://image.msscdn.net/images/prd_img/20230323/3174996/detail_3174996_16795553924357_60.jpg, https://image.msscdn.net/images/prd_img/20230323/3174996/detail_3174996_16795553928661_60.jpg, https://image.msscdn.net/images/prd_img/20230323/3174996/detail_3174996_16795553933412_60.jpg"
63,리버스 지오지아,데일리 루즈핏 오버코트_ABD1CG1101DNV,359000,,,2023 S/S,남,,"https://image.msscdn.net/images/goods_img/20230323/3175003/3175003_16795553859876_60.jpg, https://image.msscdn.net/images/prd_img/20230323/3175003/detail_3175003_16795554083809_60.jpg, https://image.msscdn.net/images/prd_img/20230323/3175003/detail_3175003_16795554088886_60.jpg, https://image.msscdn.net/images/prd_img/20230323/3175003/detail_3175003_16795554092706_60.jpg, https://image.msscdn.net/images/prd_img/20230323/3175003/detail_3175003_16795554096339_60.jpg, https://image.msscdn.net/images/prd_img/20230323/3175003/detail_3175003_16795554100648_60.jpg"
64,단톤,숏 발마칸 코트 (BEG) ADTF2310289-BEG,448000,,17.0,2023 S/S,여,,"https://image.msscdn.net/images/goods_img/20230320/3160556/3160556_16792746132647_60.jpg, https://image.msscdn.net/images/prd_img/20230320/3160556/detail_3160556_16792746324057_60.jpg, https://image.msscdn.net/images/prd_img/20230320/3160556/detail_3160556_16792746332318_60.jpg, https://image.msscdn.net/images/prd_img/20230320/3160556/detail_3160556_16792746338066_60.jpg, https://image.msscdn.net/images/prd_img/20230320/3160556/detail_3160556_16792746345713_60.jpg, https://image.msscdn.net/images/prd_img/20230320/3160556/detail_3160556_16792746354973_60.jpg"
65,너버스,COAT 01 _ black,400000,,1.0,2023 S/S,여,,"https://image.msscdn.net/images/goods_img/20230317/3158897/3158897_16790376686722_60.png, https://image.msscdn.net/images/prd_img/20230317/3158897/detail_3158897_16790376743895_60.png, https://image.msscdn.net/images/prd_img/20230317/3158897/detail_3158897_16790376766665_60.png, https://image.msscdn.net/images/prd_img/20230317/3158897/detail_3158897_16790376789284_60.png, https://image.msscdn.net/images/prd_img/20230317/3158897/detail_3158897_16790376814989_60.png, https://image.msscdn.net/images/prd_img/20230317/3158897/detail_3158897_16790376850721_60.png"
66,프로젝트엠,하이넥 야상 코트_EPC1CC1105,199900,,2.0,2022 S/S,남,,"https://image.msscdn.net/images/goods_img/20230308/3133891/3133891_16782677197402_60.jpg, https://image.msscdn.net/images/prd_img/20230308/3133891/detail_3133891_16782677261063_60.jpg"
67,닉앤니콜,FLAP CLASSIC DOUBLE TRENCH COAT_...,99500,,36.0,2023 S/S,여,,"https://image.msscdn.net/images/goods_img/20230308/3131887/3131887_16786951778557_60.jpg, https://image.msscdn.net/images/prd_img/20230308/3131887/detail_3131887_16786951808882_60.jpg, https://image.msscdn.net/images/prd_img/20230308/3131887/detail_3131887_16786951820463_60.jpg"
68,닉앤니콜,FLAP CLASSIC DOUBLE TRENCH COAT_...,99500,,50.0,2023 S/S,여,,"https://image.msscdn.net/images/goods_img/20230308/3131885/3131885_16786947673037_60.jpg, https://image.msscdn.net/images/prd_img/20230308/3131885/detail_3131885_16786947912847_60.jpg, https://image.msscdn.net/images/prd_img/20230308/3131885/detail_3131885_16786947926216_60.jpg"
69,에스티코,디엠즈 멜란지 저지 테일러드 코트 (네이비),129000,,,,남,,https://image.msscdn.net/images/goods_img/20230321/3165757/3165757_16793781586269_60.jpg
70,닉앤니콜,FLAP CLASSIC DOUBLE TRENCH COAT_...,99500,,49.0,2023 S/S,여,,"https://image.msscdn.net/images/goods_img/20230308/3131889/3131889_16786953227992_60.jpg, https://image.msscdn.net/images/prd_img/20230308/3131889/detail_3131889_16786953256325_60.jpg, https://image.msscdn.net/images/prd_img/20230308/3131889/detail_3131889_16786953267801_60.jpg"
71,닉앤니콜,FLAP CLASSIC DOUBLE TRENCH COAT_...,99500,,60.0,2023 S/S,여,,"https://image.msscdn.net/images/goods_img/20230308/3131884/3131884_16786943609692_60.jpg, https://image.msscdn.net/images/prd_img/20230308/3131884/detail_3131884_16786943658214_60.jpg, https://image.msscdn.net/images/prd_img/20230308/3131884/detail_3131884_16786943666748_60.jpg"
72,닉앤니콜,HOODIE OVERSIZED TRENCH COAT_BEI...,173600,,45.0,2023 S/S,여,,"https://image.msscdn.net/images/goods_img/20230308/3131825/3131825_16788481921730_60.jpg, https://image.msscdn.net/images/prd_img/20230308/3131825/detail_3131825_16788481986506_60.jpg, https://image.msscdn.net/images/prd_img/20230308/3131825/detail_3131825_16786895702451_60.jpg"
73,에스티코,디엠즈 TR 톤온톤 체크코트 (그레이),129000,,,,남,,https://image.msscdn.net/images/goods_img/20230321/3165753/3165753_16793781418033_60.jpg
74,닉앤니콜,HOODIE OVERSIZED TRENCH COAT_NAV...,173600,2.0,67.0,2023 S/S,여,5,"https://image.msscdn.net/images/goods_img/20230308/3131826/3131826_16789327837744_60.jpg, https://image.msscdn.net/images/prd_img/20230308/3131826/detail_3131826_16786898602424_60.jpg, https://image.msscdn.net/images/prd_img/20230308/3131826/detail_3131826_16786898612356_60.jpg"
75,닉앤니콜,FLAP CLASSIC DOUBLE TRENCH COAT_...,99500,,111.0,2023 S/S,여,,"https://image.msscdn.net/images/goods_img/20230308/3131886/3131886_16786949837610_60.jpg, https://image.msscdn.net/images/prd_img/20230308/3131886/detail_3131886_16786949872536_60.jpg, https://image.msscdn.net/images/prd_img/20230308/3131886/detail_3131886_16786949881811_60.jpg"
76,에스티코,디엠즈 메모리 퀼팅 맥코트 (베이지),159000,,2.0,,남,,https://image.msscdn.net/images/goods_img/20230321/3165752/3165752_16793781307488_60.jpg
77,너버스,COAT 01 _ beige,400000,,1.0,2023 S/S,여,,"https://image.msscdn.net/images/goods_img/20230317/3158791/3158791_16790371973412_60.png, https://image.msscdn.net/images/prd_img/20230317/3158791/detail_3158791_16790372125954_60.png, https://image.msscdn.net/images/prd_img/20230317/3158791/detail_3158791_16790372138703_60.png, https://image.msscdn.net/images/prd_img/20230317/3158791/detail_3158791_16790372155048_60.png, https://image.msscdn.net/images/prd_img/20230317/3158791/detail_3158791_16790372192520_60.png, https://image.msscdn.net/images/prd_img/20230317/3158791/detail_3158791_16790372229730_60.png, https://image.msscdn.net/images/prd_img/20230317/3158791/detail_3158791_16790372339969_60.jpg"
78,에스와이2씨,마이크로 체크 더블 코트 [2color],268200,,5.0,2023 S/S,여,,"https://image.msscdn.net/images/goods_img/20230314/3148000/3148000_16787899183611_60.jpg, https://image.msscdn.net/images/prd_img/20230314/3148000/detail_3148000_16787899236296_60.jpg, https://image.msscdn.net/images/prd_img/20230314/3148000/detail_3148000_16787899244148_60.jpg, https://image.msscdn.net/images/prd_img/20230314/3148000/detail_3148000_16787899254456_60.jpg"
79,플라스틱 아일랜드,싱글 트렌치 CT (PP1WC261),259000,,,2023 S/S,여,,"https://image.msscdn.net/images/goods_img/20230309/3138000/3138000_16783531720643_60.jpg, https://image.msscdn.net/images/prd_img/20230309/3138000/detail_3138000_16783531765774_60.jpg"
80,라뮤스튜디오,마스 히든버튼 뒤트임 롱 트렌치 코트 MARS11BE,112800,,7.0,2023 S/S,여,,"https://image.msscdn.net/images/goods_img/20230315/3149143/3149143_16788583699892_60.jpg, https://image.msscdn.net/images/prd_img/20230315/3149143/detail_3149143_16788484042615_60.jpg, https://image.msscdn.net/images/prd_img/20230315/3149143/detail_3149143_16788484058429_60.jpg, https://image.msscdn.net/images/prd_img/20230315/3149143/detail_3149143_16788484064377_60.jpg, https://image.msscdn.net/images/prd_img/20230315/3149143/detail_3149143_16788484069443_60.jpg, https://image.msscdn.net/images/prd_img/20230315/3149143/detail_3149143_16788484073476_60.jpg"
81,어나더 오피스,23SS Plenty Shop Coat (Pewter),298000,3.0,64.0,2023 S/S,남,5,"https://image.msscdn.net/images/goods_img/20230314/3147753/3147753_16788527696414_60.jpg, https://image.msscdn.net/images/prd_img/20230314/3147753/detail_3147753_16788575923267_60.jpg, https://image.msscdn.net/images/prd_img/20230314/3147753/detail_3147753_16788575936940_60.jpg, https://image.msscdn.net/images/prd_img/20230314/3147753/detail_3147753_16788575957144_60.jpg"
82,에스피오나지,Wide Single Trench Coat Dark Nav...,188000,227.0,1472.0,2023 S/S,남여,4.9,"https://image.msscdn.net/images/goods_img/20220103/2288741/2288741_1_60.jpg, https://image.msscdn.net/images/prd_img/20220103/2288741/detail_2288741_1_60.jpg, https://image.msscdn.net/images/prd_img/20220103/2288741/detail_2288741_2_60.jpg, https://image.msscdn.net/images/prd_img/20220103/2288741/detail_2288741_3_60.jpg, https://image.msscdn.net/images/prd_img/20220103/2288741/detail_2288741_4_60.jpg, https://image.msscdn.net/images/prd_img/20220103/2288741/detail_2288741_5_60.jpg, https://image.msscdn.net/images/prd_img/20220103/2288741/detail_2288741_6_60.jpg, https://image.msscdn.net/images/prd_img/20220103/2288741/detail_2288741_7_60.jpg, https://image.msscdn.net/images/prd_img/20220103/2288741/detail_2288741_8_60.jpg, https://image.msscdn.net/images/prd_img/20220103/2288741/detail_2288741_9_60.jpg"
83,마인드브릿지,[득템의 장] TR세미오버더블트렌치코트 MUCA2102,59700,168.0,1460.0,,,,"https://image.msscdn.net/images/goods_img/20200312/1347103/1347103_8_60.jpg, https://image.msscdn.net/images/prd_img/20200312/1347103/detail_1347103_21_60.jpg, https://image.msscdn.net/images/prd_img/20200312/1347103/detail_1347103_18_60.jpg, https://image.msscdn.net/images/prd_img/20200312/1347103/detail_1347103_20_60.jpg, https://image.msscdn.net/images/prd_img/20200312/1347103/detail_1347103_19_60.jpg, https://image.msscdn.net/images/prd_img/20200312/1347103/detail_1347103_17_60.jpg, https://image.msscdn.net/images/prd_img/20200312/1347103/detail_1347103_13_60.jpg, https://image.msscdn.net/images/prd_img/20200312/1347103/detail_1347103_14_60.jpg, https://image.msscdn.net/images/prd_img/20200312/1347103/detail_1347103_15_60.jpg, https://image.msscdn.net/images/prd_img/20200312/1347103/detail_1347103_16_60.jpg, https://image.msscdn.net/images/prd_img/20200312/1347103/detail_1347103_10_60.jpg, https://image.msscdn.net/images/prd_img/20200312/1347103/detail_1347103_7_60.jpg, https://image.msscdn.net/images/prd_img/20200312/1347103/detail_1347103_8_60.jpg, https://image.msscdn.net/images/prd_img/20200312/1347103/detail_1347103_5_60.jpg, https://image.msscdn.net/images/prd_img/20200312/1347103/detail_1347103_9_60.jpg, https://image.msscdn.net/images/prd_img/20200312/1347103/detail_1347103_6_60.jpg, https://image.msscdn.net/images/prd_img/20200312/1347103/detail_1347103_4_60.jpg, https://image.msscdn.net/images/prd_img/20200312/1347103/detail_1347103_3_60.jpg, https://image.msscdn.net/images/prd_img/20200312/1347103/detail_1347103_11_60.jpg, https://image.msscdn.net/images/prd_img/20200312/1347103/detail_1347103_12_60.jpg, https://image.msscdn.net/images/prd_img/20200312/1347103/detail_1347103_2_60.jpg, https://image.msscdn.net/images/prd_img/20200312/1347103/detail_1347103_1_60.jpg"
84,세인트제임스,Bonjour II Ladies (032) ASJF231K...,398000,,9.0,2023 S/S,여,,"https://image.msscdn.net/images/goods_img/20230315/3148379/3148379_16794451426370_60.jpg, https://image.msscdn.net/images/prd_img/20230315/3148379/detail_3148379_16794451660869_60.jpg, https://image.msscdn.net/images/prd_img/20230315/3148379/detail_3148379_16794451671159_60.jpg, https://image.msscdn.net/images/prd_img/20230315/3148379/detail_3148379_16794451678556_60.jpg, https://image.msscdn.net/images/prd_img/20230315/3148379/detail_3148379_16794451691276_60.jpg, https://image.msscdn.net/images/prd_img/20230315/3148379/detail_3148379_16794451699607_60.jpg"
85,티비제이,여성 롱기장 오버핏 트랜치 코트_아이보리,99000,,4.0,,여,,"https://image.msscdn.net/images/goods_img/20230306/3125423/3125423_16780918511141_60.jpg, https://image.msscdn.net/images/prd_img/20230306/3125423/detail_3125423_16780918552617_60.jpg, https://image.msscdn.net/images/prd_img/20230306/3125423/detail_3125423_16780918567210_60.jpg"
86,티비제이,남성 하프기장 코트_스톤,79900,,,,남,,"https://image.msscdn.net/images/goods_img/20230306/3125397/3125397_16780912954882_60.jpg, https://image.msscdn.net/images/prd_img/20230306/3125397/detail_3125397_16780912995841_60.jpg, https://image.msscdn.net/images/prd_img/20230306/3125397/detail_3125397_16780913009440_60.jpg"
87,온앤온,High Neck Belted Trench Coat NEW...,287100,,5.0,2023 S/S,여,,"https://image.msscdn.net/images/goods_img/20230306/3125214/3125214_16781568749507_60.jpg, https://image.msscdn.net/images/prd_img/20230306/3125214/detail_3125214_16781568776956_60.jpg, https://image.msscdn.net/images/prd_img/20230306/3125214/detail_3125214_16781568784365_60.jpg, https://image.msscdn.net/images/prd_img/20230306/3125214/detail_3125214_16781568793858_60.jpg"
88,로제프란츠,Tiffany soft trenchcoat [BG],115000,36.0,1431.0,2022 S/S,여,4.8,https://image.msscdn.net/images/goods_img/20220407/2475595/2475595_1_60.jpg
89,셀리테일즈,PUFF SLEEVE TRENCH COAT_STRONG B...,180600,,2.0,2022 F/W,여,,"https://image.msscdn.net/images/goods_img/20230316/3153186/3153186_16789405855882_60.jpg, https://image.msscdn.net/images/prd_img/20230316/3153186/detail_3153186_16789405901916_60.jpg, https://image.msscdn.net/images/prd_img/20230316/3153186/detail_3153186_16789405924356_60.jpg"
